ID,CODE,ORDER_CODE,MEDICAL_NUMBER,MUTANT_GENES,OTHER_NAME,PARTNER_GENES,PARTNER_GENES_NAME,FUSION_PRODUCT,MUTANT_GENE_SCRIPT,PARTNER_SCRIPT,MUTANT_GENE_LC,PARTNER_LC,MUTANT_GENE_POINT,PARTNER_POINT,MUTATION_CLASS,MUTATIN_ABUNDANCE,RELATED_MUTATION,RELATED_CHEMOTHERAPY
,F16062721343,,,JAK3,,KHDRBS3&FAM135B-JAK3:exon5 / chr8:139075617,,KHDRBS3&FAM135B-JAK3:exon5 / chr8:139075617,,,KHDRBS3&FAM135B-JAK3:exon5 / chr8:139075617,KHDRBS3&FAM135B-JAK3:exon5 / chr8:139075617,chr19:17954047,.,SV,0.01,,
,F16062721343,,,PIK3R2,,RAI2 / chr19:18273997,,RAI2 / chr19:18273997,,,RAI2 / chr19:18273997,RAI2 / chr19:18273997,chrX:17848923,.,SV,.,,
,F16062721453,,,ALK,,EML4:exon19-ALK:exon20 / undefined,,EML4:exon19-ALK:exon20 / undefined,,,EML4:exon19-ALK:exon20 / undefined,EML4:exon19-ALK:exon20 / undefined,,,SV,,,
,P16062721452,,,ALK,,EML4:exon19-ALK:exon20 / undefined,,EML4:exon19-ALK:exon20 / undefined,,,EML4:exon19-ALK:exon20 / undefined,EML4:exon19-ALK:exon20 / undefined,,,SV,,,
,F16062721453,,,ALK,,ALK:exon19-SUCLG1&FUNDC2P2 / chr2:29447498,,ALK:exon19-SUCLG1&FUNDC2P2 / chr2:29447498,,,ALK:exon19-SUCLG1&FUNDC2P2 / chr2:29447498,ALK:exon19-SUCLG1&FUNDC2P2 / chr2:29447498,chr2:84533204,.,SV,.,,
,F16062821576,,,PKD1,,. / PKD1:exon23-ECI1:exon2,,. / PKD1:exon23-ECI1:exon2,,,. / PKD1:exon23-ECI1:exon2,. / PKD1:exon23-ECI1:exon2,chr16:2153498,chr16:2301419,SV,0.07,,
,P16062721455,,,ATM,,. / ATM:exon43-PRR5L&LRRC4C,,. / ATM:exon43-PRR5L&LRRC4C,,,. / ATM:exon43-PRR5L&LRRC4C,. / ATM:exon43-PRR5L&LRRC4C,chr11:38046508,chr11:108188316,SV,0.21,,
,F16062821576,,,ATM,,. / ATM:exon43-PRR5L&LRRC4C,,. / ATM:exon43-PRR5L&LRRC4C,,,. / ATM:exon43-PRR5L&LRRC4C,. / ATM:exon43-PRR5L&LRRC4C,chr11:38046508,chr11:108188316,SV,0.25,,
,P16062721459,,,"STK11,E8-(LPPR3,AZU1)",,LPPR3 / STK11,,LPPR3 / STK11,,,LPPR3 / STK11,LPPR3 / STK11,"STK11,in8-(LPPR3,AZU1)",chr19:1225728,SV,0.038,,
,F16062821576,,,PKD1,,. / PKD1:exon23-ECI1:exon2,,. / PKD1:exon23-ECI1:exon2,,,. / PKD1:exon23-ECI1:exon2,. / PKD1:exon23-ECI1:exon2,chr16:2153498,chr16:2301419,SV,0.07,,
,P16062721455,,,ATM,,. / ATM:exon43-PRR5L&LRRC4C,,. / ATM:exon43-PRR5L&LRRC4C,,,. / ATM:exon43-PRR5L&LRRC4C,. / ATM:exon43-PRR5L&LRRC4C,chr11:38046508,chr11:108188316,SV,0.21,,
,F16062821576,,,ATM,,. / ATM:exon43-PRR5L&LRRC4C,,. / ATM:exon43-PRR5L&LRRC4C,,,. / ATM:exon43-PRR5L&LRRC4C,. / ATM:exon43-PRR5L&LRRC4C,chr11:38046508,chr11:108188316,SV,0.25,,
,P16062721459,,,"STK11,E8-(LPPR3,AZU1)",,LPPR3 / STK11,,LPPR3 / STK11,,,LPPR3 / STK11,LPPR3 / STK11,"STK11,in8-(LPPR3,AZU1)",chr19:1225728,SV,0.038,,
,F16062821576,,,PKD1,,. / PKD1:exon23-ECI1:exon2,,. / PKD1:exon23-ECI1:exon2,,,. / PKD1:exon23-ECI1:exon2,. / PKD1:exon23-ECI1:exon2,chr16:2153498,chr16:2301419,SV,0.07,,
,P16062721455,,,ATM,,. / ATM:exon43-PRR5L&LRRC4C,,. / ATM:exon43-PRR5L&LRRC4C,,,. / ATM:exon43-PRR5L&LRRC4C,. / ATM:exon43-PRR5L&LRRC4C,chr11:38046508,chr11:108188316,SV,0.21,,
,F16062821576,,,ATM,,. / ATM:exon43-PRR5L&LRRC4C,,. / ATM:exon43-PRR5L&LRRC4C,,,. / ATM:exon43-PRR5L&LRRC4C,. / ATM:exon43-PRR5L&LRRC4C,chr11:38046508,chr11:108188316,SV,0.25,,
,P16062721459,,,"STK11,E8-(LPPR3,AZU1)",,LPPR3 / STK11,,LPPR3 / STK11,,,LPPR3 / STK11,LPPR3 / STK11,"STK11,in8-(LPPR3,AZU1)",chr19:1225728,SV,0.038,,
